Algorithm,Silhouette Score,Davies-Bouldin Index,Calinski-Harabasz Index,Explained Variance
GMM,0.49098266025556375,0.8011084733342808,125.55879240008831,0.9553802493143346
