Algorithm,Silhouette Score,Davies-Bouldin Index,Calinski-Harabasz Index,Explained Variance
DBSCAN,-0.15221108690501292,1.1792023782871455,7.311812096124417,0.9766123869567512
