Algorithm,Silhouette Score,Davies-Bouldin Index,Calinski-Harabasz Index,Explained Variance
GMM,0.4798887999999752,0.8180454760085056,120.94024218740111,0.9766123869567512
