Algorithm,Silhouette Score,Davies-Bouldin Index,Calinski-Harabasz Index,Explained Variance
GMM,0.5328210771276926,0.7144037268500966,152.76266552144853,0.8536213527240326
