Algorithm,Silhouette Score,Davies-Bouldin Index,Calinski-Harabasz Index,Fuzzy Partition Coefficient (FPC),BIC,AIC,Eps,Min Samples,Clusters Found,Noise Points
KMeans,0.4305896418694513,0.9114126502778954,99.8087178290954,,,,,,,
Fuzzy C-Means,0.3887919160150965,1.0230291680279304,98.08440519915024,0.7104254216099576,,,,,,
GMM,0.4401756520172821,0.8782464148141654,104.9154734063138,,-1116.9083119786114,-1681.265192026044,,,,
DBSCAN,0.4837903852414412,1.9327158665818556,45.7180620123333,,,,1.4,4.0,2.0,19.0
