Algorithm,Silhouette Score,Davies-Bouldin Index,Calinski-Harabasz Index,BIC,AIC
GMM,0.4401756520172821,0.8782464148141654,104.9154734063138,-1116.9083119786114,-1681.2651920260441
