Algorithm,Silhouette Score,Davies-Bouldin Index,Calinski-Harabasz Index,BIC,AIC
GMM (PCA),0.5472195610756513,0.6571287746910524,171.20738043975462,1229.132305115262,1194.8343731786777
